<?xml version="1.0" encoding="UTF-8"?>
<project-private xmlns="http://www.netbeans.org/ns/project-private/1">
    <editor-bookmarks xmlns="http://www.netbeans.org/ns/editor-bookmarks/2" lastBookmarkId="0"/>
    <open-files xmlns="http://www.netbeans.org/ns/projectui-open-files/2">
        <group>
            <file>file:/C:/Users/kokoliko/Desktop/ori/Projekat/Projekat/src/neural/NeuralLayer.java</file>
            <file>file:/C:/Users/kokoliko/Desktop/ori/Projekat/Projekat/src/neural/NeuralNetwork.java</file>
            <file>file:/C:/Users/kokoliko/Desktop/ori/Projekat/Projekat/src/MyFrame.java</file>
            <file>file:/C:/Users/kokoliko/Desktop/ori/Projekat/Projekat/src/neural/NeuronNode.java</file>
        </group>
    </open-files>
</project-private>
